612115	mining
612116	arizona
612117	daily
612118	star
612119	artisan
612120	eastern
612121	gold
612122	scale
612123	mine
612124	congolese
612125	individual
612126	myth
612127	congo
612128	small
612129	currently
612130	base
612131	jan
612132	rudimentary
612133	region
612134	independent
612135	family
612136	tantalite
612137	tool
612138	wealth
612139	use
612141	cover
612142	newspaper
612143	industry
612144	past
612145	weekly
612146	archive
612147	include
612148	global
612149	aspect
612150	journal
612172	free
612173	earth
612174	geological
612176	reef
612177	wikipedia
612178	form
612179	mineral
612180	orebody
612181	vein
612182	mineralize
612183	extraction
612184	seam
612185	valuable
612186	encyclopedia
612187	lode
612188	material
612189	release
612190	australia
612191	collapse
612193	news
612194	shrapnel
612195	bis
612196	finding
612197	cent
612198	per
612199	report
612200	point
612201	investment
612202	technology
612203	provide
612204	cloud
612206	interface
612207	offer
612208	host
612209	genesis
612210	beautiful
612211	contracts
612212	latest
612214	develop
612215	output
612216	comprehensive
612218	siemens
612219	lead
612221	product
612222	improve
612223	system
612225	quality
612226	solution
612227	portfolio
612228	department
612229	mines
612230	petroleum
612231	home
612232	page
612233	safety
612235	production
612236	process
612237	vie
612238	management
612239	odds
612240	great
612241	emerson
612242	metal
612243	even
612244	equipment
612245	meet
612246	problem
612247	contend
612248	training
612249	staff
612250	shortage
612251	goal
612252	cryptocoin
612254	information
612255	profitability
612256	calculator
612257	compare
612258	various
612260	device
612261	darpa
612262	pervasive
612263	software
612264	become
612265	understand
612266	control
612267	muse
612268	enclaves
612270	sophisticated
612271	increasingly
612272	complex
612273	compute
612274	pump
612275	association
612277	dissolve
612278	involve
612279	leaching
612280	ground
612281	leach
612282	surface
612283	recovery
612284	situ
612285	nuclear
612286	uranium
612287	isr
612288	isl
612290	world
612291	saskatchewan
612294	symfony
612295	project
612296	yukon
612297	chamber
612299	represent
612300	interest
612305	find
612306	need
612308	everything
612309	help
612310	career
612311	will
612312	know
612314	engineering
612315	wvu
612316	statler
612317	college
612318	benjamin
612320	resources
612322	silver
612324	company
612326	copper
612327	eritrea
612328	zinc
612329	producer
612330	bisha
612331	share
612334	vale
612335	operation
612336	research
612337	minerals
612338	development
612341	stakeholder
612342	iied
612343	mmsd
612344	invite
612345	contribute
612346	sustainable
612347	year
612348	thought
612349	ten
612350	well
612351	unity
612354	building
612355	profitable
612357	business
612359	relations
612364	director
612365	mcmullen
612366	pit
612367	responsible
612368	underground
612369	investor
612370	stillwater
612372	board
612373	large
612374	several
612375	open
612376	course
612377	wyoming
612380	communicate
612381	promote
612384	colorado
612387	wyndham
612388	can
612389	comfort
612390	contemporary
612391	charm
612392	exchange
612393	historic
612394	spring
612395	hotel
612396	grand
612397	hotels
612399	claim
612400	state
612401	nevada
612402	locate
612403	recording
612404	maintain
612405	site
612408	negativity
612409	rinehart
612410	ago
612411	age
612412	slam
612413	without
612415	hour
612416	consider
612417	regard
612418	say
612419	attack
612420	survive
612421	gina
612425	sep
612426	key
612429	make
612431	africa
612432	procurement
612433	local
612434	category
612435	insight
612436	lie
612437	infrastructure
612439	university
612440	profit
612442	marvet
612443	datum
612444	determine
612445	ihich
612446	network
612447	value
612448	application
612449	one
612451	customer
612452	ebpected
612453	washington
612454	potential
612455	peel
612457	exploration
612458	wilderness
612459	photograph
612461	nicklen
612464	watershed
612466	national
612468	paul
612469	vast
612470	geographic
612471	government
612472	book
612474	review
612475	orange
612476	county
612478	exactly
612480	wedding
612481	venue
612482	yelp
612483	perfect
612484	want
612485	actually
612486	turn
612488	civil
612489	act
612490	mean
612493	real
612494	rights
612495	hold
612496	substance
612497	territory
612498	prospect
612499	immovable
612500	examine
612501	respect
612502	search
612503	code
612504	purpose
612506	call
612507	generally
612508	different
612511	analyze
612512	sometimes
612513	knowledge
612514	perspective
612515	discovery
612516	summarize
612517	data
612520	play
612521	online
612522	strategy
612523	addicting
612524	games
612525	addictinggames
612527	dig
612528	fortune
612529	game
612530	tailor
612533	supplement
612534	sustainability
612535	sector
612536	guideline
612537	metals
612539	gri
612540	reporting
612541	version
612543	initiative
612544	organization
612545	mmss
612548	part
612549	related
612550	article
612552	read
612556	previous
612557	introduction
612558	excel
612559	last
612561	chapter
612565	specifically
612566	forced
612567	force
612568	impact
612569	extensive
612570	mita
612571	effect
612572	harvard
612573	persistent
612576	peru
612577	bolivia
612578	labor
612581	pdf
612582	people
612583	tin
612584	shocking
612585	friend
612586	cost
612587	true
612588	smartphone
612589	indonesia
612590	phone
612591	island
612592	social
612593	mobile
612594	environmental
612595	bangka
612596	holder
612598	ordinance
612600	cancellation
612601	commencement
612602	land
612603	grant
612604	arrangement
612607	licence
612609	permit
612610	duty
612613	tail
612615	bill
612616	nation
612617	separate
612618	export
612620	stake
612622	stacker
612623	let
612626	soil
612627	kwale
612628	titanium
612630	add
612631	september
612632	oct
612634	authority
612637	eligibility
612639	lease
612641	whether
612642	march
612643	compliance
612644	carry
612646	criterion
612649	graphics
612651	cpu
612652	guide
612653	beginner
612654	cryptojunky
612655	litecoin
612656	computer
612657	mar
612658	unit
612659	processing
612660	gpu
612662	absolute
612663	central
612664	frac
612667	upper
612669	action
612670	boston
612671	community
612672	midwest
612673	institute
612674	sand
612675	society
612678	write
612679	risk
612680	kennametal
612686	optimum
612687	productivity
612688	give
612689	follow
612690	performance
612691	prove
612692	catalog
612693	ignore
612695	discussion
612696	thanks
612698	author
612699	alexander
612700	profile
612701	post
612702	lse
612704	buy
612705	lon
612706	axm
612707	favourite
612708	cumisk
612710	view
612711	com
612712	principal
612714	health
612715	rise
612716	outline
612717	practice
612719	time
612720	impacts
612721	demand
612722	manage
612723	rapidly
612726	little
612728	regulations
612730	nova
612731	scotia
612732	reg
612734	full
612735	registry
612736	text
612737	consolidate
612740	contain
612743	google
612745	atmospheric
612746	scifi
612748	run
612749	just
612750	ahold
612751	inspire
612752	rpg
612753	grab
612754	tendency
612755	apps
612757	procedural
612759	mars
612760	android
612761	senior
612762	analyse
612766	talent
612767	level
612768	many
612769	woman
612770	argument
612771	around
612772	critically
612773	lag
612775	diversity
612777	energy
612778	require
612779	train
612780	student
612781	siast
612784	skill
612785	program
612786	school
612788	manufacturing
612790	aid
612791	seize
612794	crossroads
612795	sierra
612796	away
612797	leone
612798	poor
612799	policy
612800	christian
612801	regulate
612802	much
612803	chance
612804	unless
612805	monitor
612807	change
612810	user
612811	attract
612813	reviews
612815	feedback
612819	proliferation
612820	developer
612822	informative
612823	developers
612824	throughout
612825	expose
612826	involvement
612828	participation
612829	new
612830	generation
612831	embarrassing
612833	teacher
612834	dramatically
612838	dec
612840	decline
612841	massive
612843	translate
612844	legislation
612846	regulation
612847	professional
612848	ministerial
612849	netherland
612851	general
612852	lay
612853	assistance
612854	func
612856	jointly
612857	graph
612858	tionship
612859	factor
612860	publication
612861	relationship
612862	tion
612863	keyword
612864	probabilistic
612865	objective
612866	relationships
612867	likelihood
612871	scrutinize
612872	marketing
612874	learn
612876	competitor
612878	investigation
612879	secret
612880	backlink
612881	aug
612882	carve
612889	commentary
612891	update
612892	commodity
612894	companies
612897	price
612898	market
612899	globe
612901	transaction
612902	record
612906	bitcoin
612907	public
612910	ledger
612911	aamo
612913	nearly
612915	abandoned
612916	dep
612917	programs
612918	office
612919	oversee
612920	active
612921	operations
612924	distinguished
612925	biological
612927	senate
612928	chemical
612929	faculty
612930	head
612931	lecturer
612934	miner
612936	paper
612937	decide
612939	distribute
612940	special
612942	money
612943	print
612944	best
612952	compensate
612954	effort
612957	start
612959	really
612960	useful
612961	get
612962	law
612964	guardian
612965	conservationist
612966	activist
612968	focus
612969	fjord
612970	norway
612971	dump
612972	norwegian
612973	environment
612974	plan
612975	tasmania
612976	waste
612980	abuse
612982	rafael
612983	corruption
612984	morais
612986	face
612988	marques
612989	journalist
612990	angola
612991	nine
612993	day
612994	human
612995	trial
612997	wowhead
612999	profession
613001	must
613002	warcraft
613004	raise
613008	harvest
613010	capable
613011	gathering
613013	node
613015	happen
613017	someone
613018	keep
613020	send
613023	coindesk
613026	work
613028	wod
613031	maps
613034	leveling
613036	show
613037	wow
613038	patch
613039	fastest
613041	warlord
613042	way
613043	draenor
613045	member
613047	regulatory
613048	media
613049	american
613050	welcome
613052	congress
613053	agency
613054	voice
613057	resource
613065	materials
613066	allow
613067	ore
613068	wowwiki
613069	scatter
613071	stone
613072	primary
613080	list
613082	directory
613083	website
613087	event
613088	current
613090	service
613092	forum
613096	terrapinn
613097	leadership
613098	definitive
613099	conference
613101	asia
613102	may
613105	model
613106	high
613107	lift
613108	pass
613110	class
613111	load
613112	configuration
613114	truck
613115	less
613117	match
613118	international
613120	concept
613121	retrieval
613122	specialization
613124	coursera
613125	clustering
613126	pattern
613127	completion
613133	basic
613134	metallurgy
613139	mha
613141	interested
613142	history
613145	standard
613147	download
613148	july
613149	draft
613151	del
613153	irma
613155	english
613156	borrador
613161	canada
613164	collective
613166	growth
613168	benefit
613169	come
613170	map
613171	kids
613173	see
613177	place
613178	every
613179	something
613180	pick
613181	union
613182	united
613183	states
613184	fun
613185	prospectin
613189	cyber
613190	msha
613192	thru
613193	payout
613194	stat
613195	slush
613197	fee
613200	pool
613201	recent
613202	celebrate
613204	first
613206	deeper
613207	progress
613208	reserve
613211	previously
613214	extract
613215	deep
613216	continue
613218	depth
613219	now
613222	education
613224	lobbying
613227	behalf
613229	future
613231	conduct
613233	ministry
613237	natural
613242	gas
613244	atomic
613245	survey
613249	rune
613250	runescape
613251	rock
613252	player
613254	wikus
613259	gem
613260	essence
613264	science
613265	america
613267	video
613268	power
613269	discover
613270	safely
613273	channel
613275	coal
613276	machinery
613322	practical
613328	ijdwm
613330	devote
613331	warehousing
613332	papers
613334	theoretical
613341	expert
613343	times
613344	financial
613345	analysis
613353	biggest
613356	fall
613363	australian
613368	siu
613371	deparment
613376	undergraduate
613378	ontario
613382	rule
613386	legal
613387	northern
613389	apply
613390	document
613392	twitter
613393	tweet
613394	follower
613395	check
613397	combination
613402	largest
613403	turkey
613404	official
613405	opportunity
613414	engineers
613416	identify
613417	support
613418	specify
613420	characteristic
613422	engineer
613430	learning
613431	dataset
613434	transform
613436	technique
613438	machine
613446	amidst
613447	among
613451	revenue
613454	watch
613456	downs
613457	drop
613458	closely
613460	think
613461	study
613462	pwc
613463	lower
613468	corporation
613469	continent
613471	asset
613472	newmont
613473	significant
613479	five
613485	newly
613488	deal
613489	mint
613490	negotiation
613491	resolve
613492	indonesian
613493	jakarta
613494	dispute
613495	bitter
613496	teeter
613498	brink
613499	minister
613500	behind
613502	reuters
613505	city
613507	serve
613508	marquette
613510	feature
613511	sport
613512	sports
613513	source
613514	jobs
613518	weather
613523	mission
613524	alaska
613531	miners
613532	ama
613533	advocate
613535	equity
613536	smaller
613538	private
613539	giant
613541	closure
613542	divest
613544	fund
613545	cliffs
613549	bargain
613550	struggle
613551	hunting
613553	cut
613555	lab
613556	scholarship
613558	surprising
613560	dispatch
613562	digital
613563	encourage
613564	richmond
613565	seek
613566	often
613568	dramatic
613570	explore
613572	traumatic
613575	web
613576	water
613578	division
613596	sale
613598	example
613599	brand
613600	particular
613605	tennis
613607	definition
613609	searchsqlserver
613610	england
613611	battery
613613	descend
613614	lamp
613615	hard
613616	hat
613617	museum
613620	century
613621	reality
613623	kit
613627	harsh
613630	british
613631	vancouver
613633	announce
613635	columbia
613637	regions
613639	summit
613641	excite
613642	north
613644	products
613646	manufacturer
613647	caterpillar
613651	ask
613654	reliable
613655	deliver
613656	cat
613658	bureau
613663	formerly
613664	accident
613665	cdc
613667	statistics
613676	topic
613677	niosh
613678	mechanics
613679	fundamental
613686	meng
613689	strength
613691	step
613692	podcast
613695	kpmg
613696	access
613697	executive
613703	webcast
613707	transportation
613711	delivery
613713	remote
613717	supply
613724	integrate
613727	complete
613730	solutions
613731	provider
613735	abb
613736	electrification
613737	plant
613743	australasian
613745	rank
613747	publish
613749	maney
613750	sjr
613752	scimago
613760	pursue
613763	notion
613765	strong
613767	familiarity
613770	straight
613772	crisis
613775	rollout
613777	expansion
613778	put
613780	job
613781	wsj
613784	take
613785	african
613788	ebola
613790	west
613791	delay
613792	hit
613794	epidemic
613800	jensen
613805	klein
613806	bern
613807	nbk
613809	ubc
613811	carmen
613814	seeker
613816	employment
613817	geology
613821	careermine
613823	infomine
613827	employer
613831	resume
613832	leader
613834	centre
613836	resarch
613837	crcmining
613838	innovation
613839	preeminent
613842	hedge
613852	newcrest
613853	limited
613858	save
613861	soon
613862	elko
613863	center
613864	anniversary
613865	expo
613866	date
613867	visitors
613869	expojune
613870	convention
613872	coming
613873	archives
613876	please
613877	reach
613882	photo
613884	appointment
613892	organisation
613895	south
613899	aema
613904	decry
613909	nov
613910	assurance
613911	file
613912	comment
613919	hecla
613921	cash
613922	operate
613923	establish
613927	lowest
613929	property
613932	since
613937	sme
613938	magazine
613942	enterprise
613950	ventyx
613951	essential
613952	supplier
613956	ready
613959	easy
613960	already
613963	choose
613964	pbmining
613965	affordable
613967	sign
613973	capitalisation
613975	dedicate
613976	annual
613978	indaba
613979	invest
613981	competitive
613986	coin
613993	sense
613995	total
613996	curse
613998	addons
613999	like
614003	monthly
614004	titan
614006	enlarge
614007	create
614008	panel
614016	october
614022	toronto
614025	actively
614026	renewables
614027	stable
614029	constraint
614032	back
614033	long
614034	structure
614035	prehistoric
614043	effectiveness
614044	michigan
614051	boy
614056	location
614060	scout
614061	mark
614063	today
614064	connect
614065	facebook
614066	uplog
614069	mayhem
614073	next
614074	top
614075	spot
614078	greatest
614080	challenge
614086	radar
614094	iron
614095	variety
614098	maintenance
614099	client
614100	pilbara
614104	commission
614106	however
614107	generate
614109	dangerous
614110	fraction
614111	european
614112	quantity
614123	design
614127	environmentally
614128	graduate
614129	manner
614130	facility
614131	reclaim
614134	safe
614137	province
614140	mabc
614145	industrial
614149	oldest
614155	wisconsin
614157	standoff
614158	also
614160	press
614161	documentary
614162	screening
614163	productions
614166	series
614167	tour
614169	unique
614171	child
614177	old
614178	scotland
614180	grow
614181	house
614185	camborne
614187	found
614188	csm
614190	mathematics
614191	famous
614193	scientific
614202	bring
614203	together
614205	council
614206	icmm
614207	address
614212	core
614216	matter
614217	outreach
614220	across
614221	present
614223	endorse
614225	contest
614226	prospectors
614228	range
614230	cuyuna
614232	artifact
614233	mesabi
614235	vermilion
614237	minnesota
614241	github
614243	compendium
614244	edition
614249	accord
614252	shared
614253	method
614254	namecoin
614255	eclipse
614257	consortium
614259	pay
614260	double
614262	geometric
614264	merged
614268	sulphide
614271	mixed
614273	complexe
614275	mixture
614276	oxyde
614277	southern
614280	argumentation
614284	workshop
614286	relatively
614287	description
614288	automatically
614290	discourse
614291	success
614293	geosynthetics
614294	await
614296	although
614298	believe
614302	better
614303	evaluation
614304	finish
614309	concentrate
614311	expand
614312	london
614320	steel
614322	specification
614325	experience
614329	build
614331	planning
614337	startseite
614338	competition
614341	cup
614342	encounter
614343	bridge
614345	analytic
614353	uofa
614354	slideshow
614356	spatial
614362	accurate
614365	inherently
614366	crust
614367	esri
614371	visitor
614374	expect
614376	attend
614378	number
614381	electra
614383	electrical
614385	trade
614390	tip
614391	fool
614392	wiki
614393	minecraft
614403	irresponsible
614406	threat
614407	miningwatch
614408	technical
614410	advocacy
614411	pose
614413	habitat
614417	wildlife
614421	fish
614422	air
614426	instantly
614427	dependence
614428	issue
614432	offline
614433	hardware
614436	earn
614437	cameroon
614442	liberia
614443	aureus
614445	disclaimer
614446	advisers
614448	corporate
614450	governance
614452	becker
614456	automation
614459	distribution
614465	systems
614471	trailblazer
614472	undiscovered
614473	explorer
614474	dakota
614475	exceptional
614476	settler
614478	frontier
614482	thirst
614483	tantalum
614493	nickel
614494	mongabay
614495	removal
614496	bauxite
614497	aluminum
614499	cassiterite
614501	manganese
614502	rainforest
614512	desire
614514	scrypt
614515	immediate
614517	heat
614518	seconds
614520	instance
614521	eobot
614523	contract
614524	result
614526	exhibit
614528	pelton
614529	wheel
614531	ever
614535	construct
614539	stamp
614541	cornish
614543	mill
614544	historical
614545	hundred
614553	november
614554	denver
614562	metallurgical
614564	clay
614565	queen
614566	priscilla
614567	miningpresentation
614568	presentation
614569	april
614572	thomas
614573	golden
614575	nelson
614579	mexico
614580	utilization
614583	ensure
614584	conservation
614585	reclamation
614588	safeguard
614589	affect
614594	imarc
614597	melbourne
614598	truly
614601	entire
614603	unite
614606	ncdenr
614609	security
614611	economic
614612	reconstitute
614615	clean
614620	europe
614626	exhibition
614628	capital
614630	space
614631	score
614635	error
614638	kennedy
614640	robotic
614641	recently
614642	aware
614644	nasa
614647	franklin
614648	area
614649	activity
614652	heritage
614656	favorite
614659	implement
614661	vision
614662	pillar
614663	roadmap
614670	glace
614673	tribute
614675	bay
614676	educational
614684	simulator
614687	admission
614693	evelopedium
614694	belt
614696	asteroid
614698	basics
614699	advanced
614703	almost
614704	quite
614705	kind
614707	eve
614708	simple
614712	miningbuddy
614715	gmaxwell
614716	moderator
614717	difficulty
614720	dmwardjr
614721	speculation
614722	ckoliva
614724	sonora
614726	buenavista
614727	spill
614729	located
614731	border
614732	mile
614733	cananea
614735	leave
614736	close
614742	near
614748	researcher
614751	underwater
614752	scientist
614755	umc
614759	option
614760	cryptocurrency
614761	multipool
614763	crypto
614766	multiple
614774	subsidence
614780	unstable
614782	valley
614787	arigna
614792	link
614794	preserve
614798	badly
614806	finance
614810	august
614812	travel
614813	wales
614815	perth
614818	sydney
614820	ausimm
614829	partnership
614833	western
614842	secure
614847	trail
614853	log
614856	workflow
614858	audit
614865	inclusive
614866	campus
614868	commit
614869	person
614871	accessible
614873	dignity
614874	independence
614883	goldman
614884	cowen
614887	coeur
614890	sachs
614894	cycle
614904	polymet
614907	northeastern
614910	northmet
614911	publicly
614917	eiti
614918	intend
614922	cadastre
614923	portal
614924	compliant
614925	communication
614927	dimension
614929	mozambique
614931	origin
614935	explosive
614940	define
614942	middle
614967	major
614969	altona
614973	queensland
614975	alike
614976	membership
614979	wim
614990	group
614992	lina
614994	silicosis
614996	move
615000	bomi
615004	donate
615008	stock
615011	virgin
615012	rtg
615013	main
615017	tsx
615020	industries
615023	anonymous
615025	reader
615026	two
615031	slashdot
615033	offering
615034	planetary
615038	receive
615043	cae
615044	operator
615048	supplies
615050	type
615052	simulation
615058	right
615059	mon
615061	activation
615062	platreef
615066	exceptionally
615068	assay
615070	ivanhoe
615073	culminate
615081	trusts
615084	campaign
615086	virtually
615087	govern
615089	pew
615091	hardrock
615092	unchanged
615100	americas
615102	premier
615105	fame
615106	monument
615108	man
615109	pioneer
615110	memory
615113	leadville
615115	hall
615128	life
615133	country
615134	economy
615138	societal
615143	technological
615144	hidden
615145	contributor
615150	specific
615151	fully
615153	modelling
615155	folding
615159	structural
615161	leapfrog
615180	comets
615182	untold
615183	planet
615184	john
615185	asteroids
615186	helix
615187	lewis
615188	ship
615189	riches
615190	qualify
615191	sky
615193	campbell
615196	jack
615197	rotroff
615198	clark
615199	biodata
615205	worldwide
615207	landing
615212	chinesischer
615213	wiley
615215	german
615216	steinkohlenbergbau
615217	eine
615219	library
615220	chinese
615228	superior
615229	forever
615230	pollution
615232	boundary
615234	sulfide
615235	waters
615236	truth
615239	lake
615243	choice
615244	youtube
615249	especially
615250	sing
615252	music
615253	dream
615255	fashion
615256	film
615262	gala
615265	kibali
615267	name
615268	inaugural
615269	dinner
615271	award
615273	drc
615276	attraction
615277	mainland
615278	landscape
615280	amazing
615290	cornwall
615295	amend
615296	lands
615306	facet
615307	pamphlet
615309	federal
615321	mapt
615326	diverse
615333	basf
615336	efficiency
615341	principle
615343	account
615344	emphasis
615348	weka
615352	women
615353	mentoring
615355	wimwa
615358	available
615359	mentee
615365	accredit
615367	missouri
615369	enter
615370	abet
615378	piece
615382	turquoise
615383	bisbee
615388	enable
615392	energize
615393	oma
615394	lifestyle
615396	drive
615399	prosperity
615400	modern
615401	emission
615405	innovative
615406	carbon
615408	srk
615409	footprint
615412	lining
615413	greenhouse
615418	thinking
615421	oklahoma
615428	odm
615439	thyssen
615441	shaft
615444	contractor
615446	sinking
615450	recruit
615452	recruitment
615453	consultancy
615455	headhunter
615458	team
615465	construction
615467	unmatched
615468	editorial
615471	publishing
615477	expectation
615481	swanepoel
615482	esmarie
615486	widen
615487	bhp
615488	gain
615489	billiton
615490	blue
615492	maritime
615498	field
615503	expertise
615508	sweden
615517	lundin
615518	sun
615519	produce
615521	spain
615522	diversified
615523	portugal
615524	chile
615526	compound
615527	urban
615528	partners
615530	care
615532	element
615533	articles
615544	evolution
615557	forbes
615560	terrible
615561	another
615564	worst
615565	imaginable
615567	seem
615571	california
615572	park
615575	death
615577	early
615580	boom
615582	bust
615587	alliance
615588	strategic
615593	yma
615597	faso
615600	ghana
615601	endeavour
615602	ounce
615603	burkina
615606	mali
615615	four
615617	thing
615622	standards
615631	intelligence
615639	bnamerica
615642	latin
615649	mape
615650	para
615651	certification
615652	alianza
615653	fairtrade
615654	minero
615655	ndar
615656	responsable
615657	colombia
615658	artisanal
615659	fairmined
615660	certificacus
615661	por
615662	abandon
615666	interior
615668	usa
615669	osm
615677	hella
615678	light
615682	warranty
615688	exclude
615690	damage
615691	physical
615694	nunavut
615699	symposium
615702	regulator
615709	concern
615714	emerge
615715	discipline
615726	dress
615727	always
615728	bohemia
615731	period
615733	costume
615734	entertainment
615739	chevron
615741	primarily
615742	subsidiary
615743	molybdenum
615745	questa
615747	strengthen
615756	centric
615765	enhance
615773	modular
615777	story
615778	telegraph
615787	minig
615788	britain
615794	asic
615795	currency
615799	hashlet
615806	gaw
615813	jim
615815	exceed
615822	redpath
615825	hereby
615827	china
615829	trust
615831	thank
615832	committee
615835	organizing
615843	sap
615846	flagship
615849	firm
615855	prospecting
615858	precious
615862	suction
615866	dredging
615867	icmj
615870	deir
615876	smgb
615877	content
615879	eir
615887	reports
615889	streetwise
615892	idea
615900	consultant
615908	otcqb
615910	baj
615913	boleo
615915	minera
615916	mmb
615918	canadian
615919	bajff
615920	baja
615921	metalurgica
615923	substantial
615937	million
615938	india
615944	adani
615948	tonne
615949	propose
615950	indium
615951	peak
615954	annum
615968	resolution
615970	architecture
615975	capability
615977	aecom
615980	join
615982	combine
615984	republic
615985	wipro
615992	launch
615993	genset
615994	break
615995	cummins
615996	partner
615997	pursuant
615998	guinea
616002	freeze
616004	town
616005	nineteenth
616010	village
616013	eckley
616020	plc
616021	beowulf
616025	role
616026	promise
616027	sharp
616029	besotted
616031	opinion
616032	mustafa
616035	beset
616036	song
616037	pappatacus
616038	moors
616040	fickle
616041	hoodwink
616042	fate
616043	minute
616044	vicissitude
616045	bamboozle
616048	riverside
616051	seven
616052	downer
616054	edi
616057	goonyella
616058	oil
616059	empower
616060	andrew
616071	rush
616072	idm
616075	revolution
616086	protect
616092	restore
616093	relational
616096	integrated
616097	msdn
616098	services
616099	either
616101	incorporate
616102	microsoft
616103	cube
616106	ssa
616110	platform
616115	equip
616119	rom
616123	evaluate
616126	clariant
616128	chemistry
616132	awareness
616138	week
616142	tedi
616154	mercury
616156	promotional
616158	mainly
616166	maximize
616169	decommission
616170	sgs
616172	stay
616173	ahead
616175	tell
616178	degrasse
616180	jon
616181	assemble
616182	bull
616186	neil
616187	stewart
616189	tyson
616190	resourcesplanetary
616197	revolutionize
616198	interact
616201	decade
616213	badger
616215	manufacture
616216	nature
616217	silica
616218	aggregate
616219	privately
616220	bmc
616226	interactive
616228	spotlight
616230	grade
616237	transition
616244	gazette
616247	houghton
616250	northwestern
616253	covering
616254	peninsula
616261	ally
616265	georgia
616268	gma
616272	consulting
616273	accenture
616283	consult
616288	improvement
616298	continuous
616299	mitigate
616300	eaton
616301	stage
616303	within
616305	oracle
616306	native
616311	functionality
616312	database
616313	function
616314	sql
616315	powerful
616324	curtin
616336	sciences
616348	fed
616352	conspire
616353	charge
616355	employee
616356	offshore
616361	criminal
616365	forget
616368	important
616370	luck
616371	block
616372	short
616373	blog
616374	wait
616375	solo
616393	mcgill
616395	look
616400	wca
616406	opencast
616427	salt
616429	seal
616433	cavern
616437	excalibur
616442	asics
616444	technologies
616449	canyon
616451	overview
616459	corp
616463	chart
616466	nem
616467	york
616469	quote
616472	bloomberg
616478	parks
616480	former
616481	joe
616484	heart
616494	karara
616495	gindalbie
616497	maker
616498	joint
616502	ansteel
616505	ltd
616509	venture
616520	miming
616524	highly
616531	kab
616532	kaboko
616535	asx
616536	prospective
616538	perseus
616541	pru
616545	successful
616547	reputation
616550	forge
616552	latam
616564	mismatch
616570	gross
616572	coalition
616576	relate
616581	domestic
616589	enjoy
616590	virginia
616591	tech
616596	emed
616607	shareholder
616616	qualifications
616620	mqa
616622	programme
616627	copyright
616628	saed
616629	sayad
616631	reading
616635	comparison
616636	detail
616639	along
616642	known
616648	suit
616651	cim
616669	brewer
616672	consolidation
616675	governor
616676	owner
616677	rob
616678	chairman
616683	outstanding
616686	chief
616687	mcewen
616694	indicate
616696	ccsu
616697	recognize
616698	master
616704	menu
616713	durham
616715	left
616719	reservation
616721	camp
616723	restaurant
616724	question
616728	suggest
616729	glad
616731	helmet
616733	cosmetic
616737	glowing
616740	attach
616741	similar
616742	item
616743	fortress
616744	strap
616745	faintly
616748	regular
616751	mit
616752	influence
616754	cell
616759	understanding
616763	dynamics
616764	pervasiveness
616766	quotation
616769	wiktionary
616770	apparently
616771	undermine
616776	figuratively
616778	statistically
616786	position
616789	line
616790	ruby
616791	montana
616803	imic
616807	alternative
616814	facilitate
616816	intersection
616817	bioinformatic
616819	ijdmb
616820	collaboration
616823	bioinformatics
616827	shares
616828	woulfe
616831	announces
616840	debt
616846	cerro
616847	worry
616848	sinkhole
616849	increase
616850	famed
616851	rico
616854	mountain
616857	fear
616863	miningworld
616868	russia
616877	dnr
616891	occur
616898	refer
616899	procedure
616900	whole
616901	seabed
616903	set
616915	reno
616920	dashboard
616923	tradeblock
616928	hashrate
616938	green
616939	basin
616948	collaborative
616955	camiro
616960	driven
616962	studies
616964	plus
616966	predictable
616971	outcomes
616973	specialist
616980	three
616983	snl
616994	void
616998	experienced
617002	recognise
617003	mpi
617005	permanent
617006	manager
617009	respondent
617013	jun
617014	reply
617015	mach
617016	brief
617017	llc
617019	petitioner
617022	equal
617023	poverty
617025	rural
617031	poorest
617033	largely
617034	itinerant
617038	typically
617045	carlson
617056	thousand
617057	optimistic
617060	americans
617063	exclamation
617067	foreigner
617068	bonanza
617070	chip
617072	smarter
617076	rack
617077	amt
617081	optimize
617082	easier
617087	mount
617089	standardized
617097	premium
617102	aspire
617104	akm
617106	scholarly
617113	tdm
617115	volume
617120	elsevier
617121	glimpse
617124	visit
617128	late
617130	boulder
617134	nederland
617138	lii
617147	chap
617149	containing
617151	title
617154	sec
617160	hong
617167	kong
617180	recognition
617182	perceptive
617192	sheet
617195	recorder
617201	loan
617203	third
617207	facilities
617208	quarter
617209	maturity
617210	commitment
617211	extend
617212	coo
617213	katanga
617216	glencore
617229	intrepid
617232	landmark
617235	jersey
617240	sterling
617243	kid
617244	collect
617246	hill
617248	ugol
617249	gmbh
617251	privacy
617252	rossii
617254	competence
617255	landingpage
617259	messe
617268	satisfaction
617269	kenya
617283	publications
617286	tradelink
617291	coalfields
617298	detailed
617300	buyer
617303	chatroom
617306	archived
617309	advertiser
617322	rollo
617323	ride
617324	bevans
617326	aboveground
617327	platteville
617328	jamison
617333	drilling
617335	sandvik
617337	excavation
617345	mechanical
617372	intricately
617376	mingeo
617383	email
617385	telephone
617387	denison
617388	facsimile
617391	street
617392	atrium
617402	namibians
617403	namibia
617410	forecast
617413	homepage
617417	mihr
617418	engagement
617420	aboriginal
617424	diamond
617426	hole
617427	recover
617431	woods
617433	marine
617434	seafloor
617435	oceanographic
617437	institution
617439	coast
617441	carat
617442	shallow
617456	live
617465	caijiaying
617466	successfully
617468	griffin
617470	foreign
617471	acquire
617486	aim
617489	anti
617490	introduce
617491	proud
617510	exclusive
617515	rare
617519	daunia
617522	petition
617527	refuse
617528	cfmeu
617532	ridge
617536	caval
617540	vendor
617541	predictive
617544	dmg
617546	markup
617552	language
617555	loading
617556	haul
617558	liebherr
617563	widely
617564	arduous
617565	raw
617575	utah
617580	importance
617582	parts
617583	ohio
617594	potentially
617598	party
617600	drill
617612	glengowla
617617	connemara
617620	return
617623	asian
617624	signal
617627	fast
617629	unprecedented
617632	target
617633	altura
617636	east
617640	carefully
617641	miniclip
617647	cargo
617649	healthy
617656	ima
617669	screen
617671	click
617673	refresh
617677	front
617679	alpha
617683	store
617703	hash
617704	rig
617706	rate
617711	coinwarz
617722	portion
617723	tonopah
617724	encompass
617728	rich
617731	acre
617738	avanti
617741	alloy
617750	indicator
617752	indicators
617754	collection
617756	gender
617760	databank
617761	rdh
617765	jumbo
617767	limit
617772	tunneling
617776	drillmaster
617778	tunnelling
617784	britannica
617795	interesting
617800	nicaragua
617801	yield
617804	tropical
617812	still
617813	economist
617814	illegal
617823	ken
617825	pretty
617826	algorithm
617827	shirriff
617832	pencil
617837	quotes
617840	bromby
617841	robin
617842	inside
617843	pascoe
617845	month
617846	michael
617848	ilson
617850	lana
617851	iguel
617852	ining
617853	ompany
617854	ervan
617857	fraser
617860	coinsman
617874	belo
617875	brazil
617893	releases
617896	jaguar
617899	turmalina
617900	fatality
617909	cabinet
617910	critical
617911	luncheon
617914	cbc
617915	stress
617916	ottawa
617919	repeatedly
617932	jazeera
617933	proposal
617943	practitioner
617946	rely
617949	skillful
617951	intelligent
617953	effective
617962	stringent
617963	coie
617965	perkins
617967	pressure
617968	comply
617984	virtual
617995	caledonia
617996	zambia
617998	silvercrest
617999	svlc
618005	svl
618009	nyse
618011	mkt
618012	headquarter
618023	duluth
618030	worth
618035	dollar
618036	entitlement
618039	big
618044	abx
618053	barrick
618061	capitalism
618067	adversary
618071	critic
618072	track
618075	index
618081	etf
618082	ishare
618083	compose
618084	producers
618085	mscus
618090	narrow
618094	side
618095	term
618096	kentucky
618098	roadway
618099	solid
618100	transfer
618101	glossary
618103	abutment
618104	weight
618114	creek
618118	thompson
618122	designntrend
618138	commons
618140	btc
618143	server
618144	guild
618145	status
618149	speed
618150	pooled
618151	stats
618165	gbi
618170	emotion
618171	decision
618186	richmont
618188	northeast
618194	symbol
618196	ric
618198	deindustrialisation
618202	estimate
618204	input
618212	karlka
618220	operators
618227	ugly
618231	nuggets
618232	lakers
618233	reaction
618235	overtime
618237	win
618239	roundball
618240	fourth
618243	rapid
618245	ftse
618254	bbc
618255	boost
618257	higher
618273	usgs
618281	schools
618299	lakes
618303	solve
618306	billion
618314	moon
618315	economically
618319	viable
618324	altcoin
618327	feathercoin
618329	ftc
618331	neoscrypt
618332	switch
618334	port
618338	disabled
618357	taseko
618360	explain
618364	mountaintop
618369	degraded
618372	epa
618376	testing
618382	als
618383	downturn
618385	half
618387	laboratory
618395	roman
618403	romans
618407	utilitarian
618408	empire
618414	buttesbpublicarchive
618415	buttedigitalimage
618419	contact
618420	vectors
618426	yahoo
618428	gdx
618429	summary
618430	vector
618442	river
618444	buckskin
618448	gillette
618451	powder
618452	kiewit
618456	capacity
618459	philosophy
618465	arcelormittal
618474	smelting
618486	polymorphism
618488	raymond
618491	tobler
618494	mdash
618498	sequencing
618499	funding
618500	contentdm
618502	refine
618506	searchclose
618507	collections
618513	faircloughbhp
618520	battle
618525	mal
618527	insider
618535	approximately
618537	captive
618538	pacificorp
618543	ton
618547	tenement
618552	case
618554	prospector
618555	paclius
618556	cap
618562	efficient
618572	cheapest
618576	strike
618585	soar
618586	cnbc
618590	war
618593	charter
618596	trillion
618600	citibank
618601	clear
618602	crucial
618605	preparation
618608	railroad
618609	extension
618611	yandi
618614	relocation
618616	rail
618617	leighton
618620	indomet
618622	saturday
618632	termination
618637	macrobusiness
618644	cliff
618650	happy
618653	transport
618655	browse
618657	ideal
618663	wide
618667	vacancy
618671	stream
618678	fill
618679	remove
618683	controversy
618684	background
618686	jul
618690	observe
618697	steroid
618698	telescope
618701	dumb
618709	reciente
618710	fernando
618711	gerente
618713	argentina
618714	argentna
618716	historia
618717	sobre
618718	cornejo
618723	advance
618732	banking
618743	pharmaceutical
618748	jisc
618750	competitiveness
618759	patent
618760	message
618763	cannabis
618769	reflect
618773	gdsm
618781	bunch
618785	sleep
618786	plain
618798	mineweb
618801	enough
618804	vicky
618806	validakis
618811	balance
618814	nevsun
618822	highest
618828	flow
618838	bit
618842	synthetic
618851	acquisition
618853	dpm
618855	dundee
618856	engage
618867	investigate
618872	valuewalk
618874	ice
618880	earthmoving
618884	impressive
618909	accelerate
618911	fri
618912	weakness
618915	ferrochrome
618918	rebind
618924	bulletin
618930	recruiter
618933	careers
618942	databases
618952	amount
618956	atten
618957	lilly
618960	pad
618961	destination
618963	golf
618964	mini
618969	fishing
618975	credit
618977	suisse
618985	hudbay
618986	january
618996	silvercorp
618997	dividend
619003	bukit
619004	terengganu
619005	besi
619009	allege
619020	tout
619032	violation
619040	allegation
619043	labour
619051	fight
619053	affairs
619054	sotkamo
619059	bankruptcy
619062	vapaavuori
619066	estate
619067	talvivaara
619075	archaeologist
619076	historian
619080	quarry
619081	disused
619084	dictionary
619086	peril
619088	withdraw
619090	sensible
619091	bianca
619093	far
619096	mild
619098	writers
619099	ralph
619100	writer
619107	pages
619110	catalys
619114	evolve
619116	enabler
619119	techniques
619120	thearling
619126	section
619128	kurt
619133	common
619139	teach
619142	professor
619144	mass
619146	rapidminer
619147	masses
619151	terra
619152	mystica
619155	furnish
619162	seaborne
619166	ferrexpo
619167	doubleloop
619168	logistics
619170	pellet
619183	room
619184	israel
619185	gravel
619186	deposit
619188	placer
619189	internal
619191	associate
619198	opencut
619200	exploit
619205	quarterly
619208	consolidated
619209	rules
619212	listing
619213	basis
619217	entity
619218	additional
619219	statistica
619220	statsoft
619222	compete
619224	rous
619237	baraboo
619241	begin
619245	gogebic
619246	florence
619250	districts
619256	beyond
619261	cooper
619263	mcinnes
619265	atlantic
619267	electric
619286	perfectly
619287	theres
619289	ratter
619291	plenty
619292	love
619293	reddit
619295	gay
619296	pvp
619297	sandbox
619298	psa
619299	pubby
619304	canlius
619305	cqlr
619309	identity
619317	toguide
619320	programmerswho
619325	histories
619329	order
619332	programmer
619337	adeq
619340	badct
619341	guidance
619344	demonstrated
619348	manual
619355	descriptive
619356	rocky
619360	tribune
619361	statistical
619365	steam
619366	printing
619370	provocative
619371	compel
619372	danny
619373	aptly
619374	image
619375	merely
619378	cultural
619379	anthropology
619381	hoffman
619382	trove
619384	corpus
619390	sas
619392	programming
619394	modeling
619413	exact
619414	terabyte
619425	indexing
619427	isax
619428	size
619435	hays
619443	uncover
619446	operative
619451	tuesday
619456	kill
619457	trap
619462	explosion
619472	fairman
619473	austring
619474	advise
619477	fendrick
619481	heavy
619487	outlaw
619491	dark
619492	draw
619493	mccarthy
619494	treatment
619498	revive
619499	handed
619500	huffington
619501	fire
619504	specialized
619509	kalliolaw
619510	honor
619519	akela
619522	groundhog
619529	trend
619535	interpretation
619543	editor
619550	shoulder
619557	wrong
619559	stand
619570	collaborate
619571	population
619572	conversation
619583	deloitte
619584	unrivalled
619586	breadth
619593	established
619597	entry
619607	grateful
619611	xstrata
619612	negligence
619614	disaster
619617	suspect
619619	turkish
619621	arrest
619623	sunday
619624	prosecutor
619625	france
619629	referral
619632	objection
619633	district
619634	identifier
619639	mandatory
619640	tenure
619641	doc
619643	abstract
619646	december
619653	icdm
619663	rose
619666	italy
619671	leading
619672	prominent
619674	norton
619675	internationally
619689	difficult
619692	agenda
619693	reduce
619702	sequence
619704	tackle
619705	autoplait
619707	automatic
619713	nonmetallic
619718	administer
619719	sheboygan
619735	direct
619738	wabash
619740	des
619743	moines
619745	lafayette
619746	fork
619747	algona
619748	fleur
619749	station
619753	raccoon
619754	int
619757	good
619758	kdd
619768	heterogeneous
619772	streams
619777	applied
619779	supervisor
619781	handbook
619782	lean
619787	broad
619802	ellison
619806	chris
619809	crunch
619818	catchment
619829	interoperable
619838	responsibly
619846	shopping
619847	cart
619852	non
619853	shop
619855	suppose
619857	answer
619859	handpick
619860	mango
619861	organized
619867	birth
619869	initiate
619880	operational
619883	startup
619885	divestment
619886	dla
619892	sectors
619893	piper
619901	battye
619904	twentieth
619914	transparency
619919	disclosure
619920	accountability
619922	push
619924	requirement
619925	oxfam
619930	agreement
619934	subsisting
619937	valid
619940	exist
619942	philippine
619943	percent
619945	contradict
619946	six
619950	harare
619951	negative
619953	walter
619954	chinamasa
619960	chidhakwa
619961	projection
619966	chasm
619967	aggressive
619968	fuel
619969	magic
619970	extremely
619973	skulker
619974	wizard
619980	normally
619990	salmon
619991	tailing
619995	quickly
620002	breach
620005	lasting
620008	democracy
620009	conclude
620011	massey
620013	probe
620027	protester
620033	totally
620037	notice
620039	legislative
620041	huge
620043	rally
620045	favour
620046	mood
620049	mackenzie
620050	unveil
620052	irish
620053	underscore
620055	split
620059	demerger
620065	yesterday
620072	australians
620075	seriousness
620078	spectator
620082	hangover
620085	limburg
620086	staatstoezicht
620087	webpage
620088	frequently
620091	ssm
620105	apr
620108	reference
620110	card
620121	taconite
620124	penokee
620130	echo
620131	gtac
620141	charges
620142	npr
620153	employ
620156	hardback
620157	interdisciplinary
620163	approach
620166	routledge
620169	array
620175	validity
620176	minimum
620177	fixed
620178	interval
620180	tuke
620185	provision
620188	via
620191	qgjm
620192	qdex
620206	socialist
620209	alberta
620211	mythe
620213	socialistes
620214	plupart
620215	dan
620216	worker
620217	brit
620218	min
620220	lava
620221	pig
620222	cow
620224	try
620225	milk
620226	craft
620227	upload
620229	jolly
620233	shift
620234	baby
620235	madness
620237	spam
620238	dolphin
620239	herobrine
620241	test
620243	tome
620244	gil
620246	ffxiv
620248	lvl
620259	end
620260	phil
620264	equiped
620267	info
620272	password
620273	lose
620275	reward
620297	kostadin
620302	probably
620303	pangaion
620304	conflict
620305	rabadjiev
620306	possible
620309	reason
620310	interpret
620317	frack
620321	shale
620322	explode
620327	insister
620329	zolum
620331	autour
620333	germinal
620334	que
620335	fondateur
620336	minotaure
620337	culturel
620338	dire
620339	labyrinthe
620340	celuus
620341	vais
620343	mythique
620345	batiment
620348	une
620350	voici
620351	bonsoir
620352	les
620353	quoi
620354	tuto
620356	qui
620357	bien
620358	rubis
620359	est
620360	sur
620361	vous
